Logo宽肩带无痕聚拢文胸,http://komi.com/index.php?explorer/image&path=/%E5%9B%BE%E7%89%87/%E5%9B%BE%E7%89%87%E6%B1%87%E6%80%BB/0419%20-%E5%9B%BE%E7%89%87-All/20190419%20%E5%8E%9F%E5%9B%BE/11151801-4DPB-2.jpg
Logo宽肩带光面无痕聚拢文胸,http://komi.com/index.php?explorer/image&path=/%E5%9B%BE%E7%89%87/%E5%9B%BE%E7%89%87%E6%B1%87%E6%80%BB/0419%20-%E5%9B%BE%E7%89%87-All/20190419%20%E5%8E%9F%E5%9B%BE/11144941-48K6-2.jpg
宽肩带无钢圈光面无痕薄垫文胸,http://komi.com/index.php?explorer/image&path=/%E5%9B%BE%E7%89%87/%E5%9B%BE%E7%89%87%E6%B1%87%E6%80%BB/0419%20-%E5%9B%BE%E7%89%87-All/20190419%20%E5%8E%9F%E5%9B%BE/11150334-95D1-2.jpg
宽肩带无钢圈光面无痕薄垫文胸,http://komi.com/index.php?explorer/image&path=/%E5%9B%BE%E7%89%87/%E5%9B%BE%E7%89%87%E6%B1%87%E6%80%BB/1115033338SI.jpg
花漾蕾丝无衬垫聚拢文胸,http://komi.com/index.php?explorer/image&path=/%E5%9B%BE%E7%89%87/%E5%9B%BE%E7%89%87%E6%B1%87%E6%80%BB/0219-%E5%8E%9F%E5%9B%BE/20190219%20%E5%8E%9F%E5%9B%BE/11146327-3ZWQ-2.jpg
蕾丝无衬垫加长款聚拢文胸,http://komi.com/index.php?explorer/image&path=/%E5%9B%BE%E7%89%87/%E5%9B%BE%E7%89%87%E6%B1%87%E6%80%BB/0419%20-%E5%9B%BE%E7%89%87-All/20190419%20%E5%8E%9F%E5%9B%BE/11146321-15P5-2.jpg
镂空细带下围聚拢文胸,http://komi.com/index.php?explorer/image&path=/%E5%9B%BE%E7%89%87/%E5%9B%BE%E7%89%87%E6%B1%87%E6%80%BB/0419%20-%E5%9B%BE%E7%89%87-All/20190419%20%E5%8E%9F%E5%9B%BE/11145426-4D4Z-2.jpg
可拆卸式肩带蕾丝聚拢文胸,http://komi.com/index.php?explorer/image&path=/%E5%9B%BE%E7%89%87/%E5%9B%BE%E7%89%87%E6%B1%87%E6%80%BB/0419%20-%E5%9B%BE%E7%89%87-All/20190419%20%E5%8E%9F%E5%9B%BE/11145909-3V7D-1.jpg
